{
  "model": "ResNet1D_12Lead",
  "accuracy": 0.7034291010194624,
  "macro_f1": 0.600442725663093,
  "macro_auc": 0.8741482907905527,
  "dwe": 0.47544022242817424,
  "per_class_dwe": {
    "NORM": 0.3469387755102041,
    "MI": 0.9829268292682927,
    "STTC": 0.33415233415233414,
    "CD": 0.3119266055045872,
    "HYP": 0.7469879518072289
  },
  "critical_errors": {
    "count": 88,
    "rate": 0.04077849860982391,
    "breakdown": {
      "MI\u2192NORM": 61,
      "NORM\u2192MI": 27
    }
  }
}