{
  "model": "ResNet1D_12Lead",
  "device": "cpu",
  "best_epoch": 16,
  "best_val_macro_f1": 0.6198586408707469,
  "val_accuracy": 0.7059645852749301,
  "val_macro_f1": 0.6198586408707469,
  "val_auc_per_class": {
    "NORM": 0.9275035742596681,
    "MI": 0.8901984967305052,
    "STTC": 0.9137132866363905,
    "CD": 0.9200625855268454,
    "HYP": 0.8250826341215358
  }
}